Disability,Major_Not inclusion,Major_inclusion,Minor_Not inclusion,Minor_inclusion,None_Not inclusion
No disability component,53.110718029,8.5800795,1579.8871594779,206.576658958,50232.4427550275
Not screened,109.98657715,35.556621142,1967.54660612855,295.023880454,136914.348593417
Principal disability component,24.559699134,45.5381771979,28.954205022,36.781835034,93.396905024
Significant disability component,7.21949896,5.32860493,706.025292529,237.730255498,3119.33972490602
