Year,Not inclusion,inclusion
2014,2348.03877226347,657.02381307209
2015,2164.4014950367,718.47102698567
2016,2562.18970485787,685.7906892353
2017,2835.03698738348,880.3177572764
2018,3174.3447989053,1098.7934778917
