inclusion,marker,DI
Not inclusion,3922.81377933982,3174.3447989053
inclusion,382.0604188951,1098.7934778917
