inclusion,marker,DI
Not inclusion,3907.76782544282,2957.1410714495
inclusion,359.5723038831,1014.7785487677
