inclusion,marker,DI
Not inclusion,3907.76782544282,2748.5348660015
inclusion,359.5723038831,896.6781627597
