Year,Not inclusion,inclusion
2014,1827.40500326304,624.32898223309
2015,1730.2841240849,652.34938738295
2016,2266.23489318387,675.5671345382
2017,2671.03280471958,840.4450811254
2018,2957.1410714495,1014.7785487677
