di,DAC-marked,Not DAC-marked
DI-marked,1015.1657083591,2956.7539118581
Not DI-marked,3252.17442096682,180073.095868872
