di,DAC-marked,Not DAC-marked
DI-marked,1010.6685525691,2634.5444761921
Not DI-marked,3256.67157675682,180395.305304538
