di,DAC-marked,Not DAC-marked
DI-marked,1053.7879979481,3289.3836097569
Not DI-marked,3251.08620028682,188113.676039527
