di,DAC-marked,Not DAC-marked
DI-marked,1053.7879979481,3219.3502788489
Not DI-marked,3251.08620028682,188183.709370435
