Year,Major_intellectual,Minor_intellectual,None_intellectual,Major_intellectual.share,Minor_intellectual.share,None_intellectual.share
2014,41.45484511043,182.635803564,0,0.184991410197833,0.815008589802167,0
2015,58.440693255,209.551638144,0,0.21806852811766,0.78193147188234,0
2016,63.379193951,253.3318933391,0,0.200116751495176,0.799883248504824,0
2017,99.060320762,305.6413466976,0,0.244773690664096,0.755226309335904,0
2018,125.911641745,428.462534615,0.691782688,0.226840864031641,0.771912828792205,0.00124630717615342
