Year,None,Principal,Significant,None.share,Principal.share,Significant.share
2014,148356.342431285,200.073582414265,1956.48687192987,0.985671923051123,0.00132927861052747,0.0129987983383494
2015,167906.450911153,224.02280686396,1905.14518367989,0.987478106032744,0.00131750516927559,0.0112043887979807
2016,181452.939963009,225.3606481319,2439.38695775827,0.985526933120464,0.00122400325089661,0.0132490636286392
2017,187621.142227811,297.2899049668,2911.98522604418,0.983182580767632,0.00155787483505735,0.0152595443973102
2018,183651.976881295,306.6387145829,3338.5743141783,0.980537812497285,0.00163717733688452,0.0178250101658308
