Year,None,Principal,Significant,None.share,Principal.share,Significant.share
2014,152414.470431932,263.839495919265,2234.90910288587,0.983870010484326,0.00170314384769782,0.0144268456679764
2015,171988.144516152,266.25155716696,2151.21105272789,0.98613884811543,0.00152662269037333,0.012334529194197
2016,185870.781573663,289.5239581819,2695.96136580017,0.984191759304444,0.00153303865917679,0.0142752020363788
2017,195591.515551532,348.9105838468,3283.07463677818,0.981769293248296,0.00175135253870392,0.0164793542129996
2018,191674.407515831,358.2537030425,3675.2726286457,0.97939007247999,0.0018305527834228,0.0187793747365868
