Year,Major_intellectual,Minor_intellectual,None_intellectual,Major_intellectual.share,Minor_intellectual.share,None_intellectual.share
2014,42.35484051043,182.191706064,0,0.188623878463393,0.811376121536607,0
2015,61.573486835,204.288195344,0,0.231599703764545,0.768400296235455,0
2016,63.449023951,253.4613994391,0,0.200211224586001,0.799788775413999,0
2017,99.500620892,307.6722973976,0,0.244369447039772,0.755630552960228,0
2018,122.095203645,428.229588595,0.220112688,0.221771562232453,0.777828628985321,0.000399808782226013
