Year,None,Principal,Significant,None.share,Principal.share,Significant.share
2014,152405.087029891,267.877010760265,2240.25499008587,0.983809438493764,0.00172920692266496,0.0144613545835708
2015,171978.680685139,270.51861597696,2156.40782493089,0.986084584773964,0.00155108898409126,0.0123643262419447
2016,185856.847413263,292.4825382219,2706.93694616017,0.984117977477509,0.00154870443552936,0.0143333180869621
2017,195572.895455272,357.4383662268,3293.16695065818,0.981675829895891,0.00179415764124929,0.0165300124628591
2018,191642.288812091,376.4356117425,3689.2094236857,0.979225956988561,0.00192345606201019,0.0188505869494287
