Year,None,Principal,Significant,None.share,Principal.share,Significant.share
2014,151908.156445402,223.614706264695,2781.44787907087,0.980601638748858,0.00144348369792978,0.0179548775532124
2015,171522.734604025,261.02434928296,2621.84817273941,0.983470299094576,0.00149665113171684,0.0150330497737067
2016,185608.286503552,275.3662950419,2972.61409905127,0.982801839475873,0.00145807337805285,0.0157400871460746
2017,195508.146027497,383.9263382548,3331.42840640508,0.981350820910888,0.00192711370278489,0.0167220653863275
2018,191434.795570722,427.0946705079,3846.0436062891,0.978165738134427,0.00218230636904409,0.0196519554965291
