Year,Principal_intellectual,Significant_intellectual,Principal_intellectual.share,Significant_intellectual.share
2014,13.107744446,38.365359858,0.254652300910116,0.745347699089884
2015,14.451039084,17.51940649,0.45201243913073,0.54798756086927
2016,15.726703911,12.4778957811,0.557593586956846,0.442406413043154
2017,14.913692374,17.3700276006,0.461957060268572,0.538042939731428
2018,12.100006732,38.3665106,0.239763062158593,0.760236937841408
