Year,None_intellectual,Principal_intellectual,Significant_intellectual,None_intellectual.share,Principal_intellectual.share,Significant_intellectual.share
2014,0,12.96120286,41.267341716,0,0.239010708499381,0.76098929150062
2015,0,17.552866699,24.15082707,0,0.420894772444539,0.579105227555461
2016,0,16.204451501,26.3655745311,0,0.380654019069216,0.619345980930784
2017,0,18.172668804,22.5079938717,0,0.446715161669556,0.553284838330444
2018,0.6119379,12.50852803,39.02195806,0.0117358928330098,0.239891571446677,0.748372535720313
