Year,Major_intellectual,Minor_intellectual,None_intellectual,Major_intellectual.share,Minor_intellectual.share,None_intellectual.share
2014,42.37693751043,182.608174064,0,0.188354408048956,0.811645591951044,0
2015,61.573486835,209.551638144,0,0.227103581196207,0.772896418803793,0
2016,63.471848151,253.7074744391,0,0.200113448861313,0.799886551138687,0
2017,99.505366862,308.2823343976,0,0.24401267265943,0.755987327340571,0
2018,125.956569945,428.808478695,0.691782688,0.226762122348662,0.771992447495504,0.0012454301558342
