Year,ID,Other,None,ID.share,Other.share,None.share
2014,224.98511157443,2906.08198614213,151782.151933021,0.00145232997533793,0.018759419011011,0.979788251013651
2015,271.125124979,2711.33356011337,171423.148440955,0.00155456656151572,0.0155461375628469,0.982899295875637
2016,317.1793225901,3008.63046724007,185530.457107815,0.00167947470211302,0.0159307949726162,0.982389730325271
2017,407.7877012596,3374.87561487028,195440.837456027,0.00204688553147135,0.0169401481340797,0.981012966334449
2018,554.76504864,3788.406559065,191364.762239814,0.00283465794019486,0.0193574500766875,0.977807891983118
