Year,ID,Other,None,ID.share,Other.share,None.share
2014,224.09064867443,2724.54030282313,151964.58807924,0.00144655601424154,0.0175875262283623,0.980965917757396
2015,267.992331399,2549.57737590937,171588.037418739,0.00153660387309289,0.0146186663257147,0.983844729801192
2016,316.7110872901,2844.72485527207,185694.830955083,0.00167699538115803,0.015062909491978,0.983260095126864
2017,404.7016674596,3242.26759274028,195576.531511957,0.00203139522140231,0.0162745237392867,0.981694081039311
2018,554.37417636,3620.8971693864,191532.662501772,0.00283266071774038,0.0185015349056188,0.978665804376641
