Year,ID,Other,None,ID.share,Other.share,None.share
2014,54.228544576,2913.91108021556,141417.184126838,0.000375582110196209,0.0201814907810716,0.979442927108732
2015,41.703693769,2792.90285086411,159823.152188602,0.00025638920696919,0.0171704250237739,0.982573185769257
2016,42.5700260321,3124.26071536077,174247.277525042,0.000239947242347659,0.0176099902419759,0.982150062515677
2017,40.6806626757,3535.43115463318,180463.43220311,0.000221043052960328,0.0192101712349436,0.980568785712096
2018,51.53048609,4114.7611621162,162957.397324652,0.000308337414083582,0.0246210527508429,0.975070609835073
