Year,ID,Other,None,ID.share,Other.share,None.share
2014,51.951021124,2456.18097972213,152405.087029891,0.000335355636201014,0.0158552058700348,0.983809438493764
2015,32.271510637,2394.65493027085,171978.680685139,0.00018503711645966,0.0137303781095763,0.986084584773964
2016,28.7182383081,2970.70124607397,185856.847413263,0.000152063994379728,0.0157299585281118,0.984117977477509
2017,33.0273856216,3617.57793126338,195572.895455272,0.000165780570533051,0.0181583895335753,0.981675829895891
2018,55.029611892,4010.6154235362,191642.288812091,0.00028118232516253,0.0204928606862764,0.979225956988561
